﻿   ,  ,  
ramollin@gmail.com,forsberg@live.com,12/24/1981
gavollink@mac.com,naoya@verizon.net,5/30/2019
ryanvm@aol.com,carmena@mac.com,9/16/2015
ardagna@outlook.com,sequin@mac.com,10/23/2008
oracle@att.net,jipsen@sbcglobal.net,11/15/2002
durist@msn.com,ilyaz@gmail.com,4/5/2018
skajan@sbcglobal.net,schwaang@yahoo.ca,5/13/2010
arachne@comcast.net,mrsam@yahoo.ca,7/12/1999
dgatwood@yahoo.com,osaru@att.net,1/12/2004
kspiteri@aol.com,warrior@yahoo.ca,9/9/2018
kmself@hotmail.com,rgarton@optonline.net,9/25/2016
scottzed@comcast.net,ajohnson@aol.com,7/22/1985
xnormal@mac.com,miyop@aol.com,8/31/1984
vertigo@mac.com,pavel@live.com,3/12/2019
bartlett@live.com,jhardin@comcast.net,11/23/1994
horrocks@me.com,kostas@yahoo.com,7/5/2001
salesgeek@icloud.com,fraser@att.net,4/11/1980
bachmann@hotmail.com,arathi@hotmail.com,7/13/1983
mccurley@yahoo.ca,rasca@aol.com,4/13/2018
amcuri@optonline.net,flavell@comcast.net,4/10/1999
frode@optonline.net,boein@yahoo.com,6/8/1988
gerlo@mac.com,vsprintf@att.net,10/13/1980
tromey@yahoo.com,rsmartin@hotmail.com,10/16/1992
dunstan@gmail.com,stern@me.com,6/23/2012
pappp@gmail.com,cyrus@outlook.com,7/14/2004
oevans@optonline.net,yamla@sbcglobal.net,12/31/2001
jmorris@gmail.com,carcus@sbcglobal.net,4/6/1999
mkearl@yahoo.ca,stefano@yahoo.com,11/17/1982
reeds@me.com,loscar@optonline.net,5/17/2012
quinn@msn.com,makarow@me.com,12/28/1987
vlefevre@aol.com,khris@outlook.com,12/30/1997
janusfury@msn.com,gmcgath@mac.com,12/31/2011
mwilson@yahoo.ca,salesgeek@live.com,8/9/2001
sumdumass@icloud.com,crimsane@yahoo.ca,10/3/1996
rwelty@me.com,pthomsen@mac.com,6/18/1999
caronni@me.com,isorashi@gmail.com,5/16/2012
stewwy@me.com,chlim@yahoo.ca,1/25/2010
mcmillan@me.com,frostman@icloud.com,3/2/1993
rohitm@icloud.com,pizza@live.com,6/4/1984
cantu@yahoo.ca,jonadab@me.com,8/29/2015
peterhoeg@att.net,jadavis@aol.com,6/22/1988
tmaek@aol.com,dimensio@comcast.net,1/9/1988
wenzlaff@live.com,wilsonpm@verizon.net,5/6/1987
ajohnson@att.net,skythe@att.net,12/19/2011
jemarch@icloud.com,bcevc@yahoo.ca,12/10/2015
citadel@icloud.com,nullchar@live.com,7/18/2013
tristan@verizon.net,jacks@hotmail.com,5/17/1996
crimsane@verizon.net,dkrishna@sbcglobal.net,5/10/1981
geekoid@att.net,parents@icloud.com,5/27/2011
mrsam@me.com,amaranth@mac.com,7/5/2007
moonlapse@gmail.com,scarolan@me.com,8/26/1980
stevelim@gmail.com,formis@me.com,10/16/2013
pemungkah@verizon.net,teverett@mac.com,1/5/2013
spadkins@yahoo.com,curly@icloud.com,9/20/1984
tsuruta@optonline.net,dowdy@yahoo.ca,1/7/2006
peoplesr@verizon.net,dbrobins@verizon.net,10/23/2000
munson@comcast.net,rhavyn@me.com,2/11/2010
portele@optonline.net,ranasta@yahoo.com,12/19/2013
storerm@optonline.net,naupa@optonline.net,12/5/1996
improv@sbcglobal.net,cyrus@outlook.com,4/19/2019
rmcfarla@me.com,bescoto@sbcglobal.net,1/8/1999
rkobes@mac.com,smallpaul@hotmail.com,3/27/2000
dogdude@live.com,grolschie@hotmail.com,8/31/1984
ntegrity@att.net,tmaek@icloud.com,7/28/2000
garland@sbcglobal.net,ingolfke@yahoo.com,7/30/1984
raides@verizon.net,dgriffith@mac.com,10/22/2016
kayvonf@aol.com,ahmad@optonline.net,5/16/1989
stellaau@optonline.net,philb@optonline.net,9/9/1989
psichel@icloud.com,benanov@outlook.com,1/1/2009
noticias@comcast.net,monkeydo@verizon.net,9/27/1999
cremonini@outlook.com,hoangle@optonline.net,2/7/2005
munjal@me.com,bhtower@yahoo.ca,7/19/2018
corrada@msn.com,szymansk@sbcglobal.net,1/24/1983
dunstan@hotmail.com,tfinniga@yahoo.com,10/9/1985
jaffe@verizon.net,jonas@gmail.com,3/12/1984
rande@att.net,wilsonpm@hotmail.com,7/31/2004
jgwang@outlook.com,camenisch@me.com,6/25/2000
heidrich@yahoo.com,sumdumass@outlook.com,6/27/2014
amimojo@yahoo.ca,mcraigw@outlook.com,11/7/2004
adhere@yahoo.ca,gward@outlook.com,2/7/2006
thrymm@outlook.com,fmerges@verizon.net,1/13/2011
cfhsoft@gmail.com,ianbuck@hotmail.com,2/27/2014
ramollin@comcast.net,jschauma@yahoo.ca,7/14/1986
seemant@aol.com,zeitlin@hotmail.com,9/2/2018
gward@hotmail.com,alias@optonline.net,4/29/1989
pmint@outlook.com,jimxugle@yahoo.com,4/3/2011
ahmad@live.com,mcsporran@yahoo.ca,1/21/2019
yenya@att.net,kodeman@live.com,7/13/1994
aardo@mac.com,rddesign@comcast.net,4/12/1984
gemmell@live.com,mhouston@icloud.com,6/15/2000
themer@sbcglobal.net,cgarcia@msn.com,11/25/2011
dhwon@yahoo.com,parsimony@comcast.net,11/30/1988
scarolan@mac.com,jmmuller@mac.com,3/27/1997
uqmcolyv@gmail.com,pgottsch@mac.com,12/17/2003
jbailie@comcast.net,ardagna@msn.com,6/29/2017
kempsonc@optonline.net,rohitm@yahoo.com,8/26/2012
ebassi@icloud.com,joglo@verizon.net,3/10/2015
chrisj@sbcglobal.net,sonnen@verizon.net,7/27/1997
carreras@mac.com,kronvold@optonline.net,12/20/1993
ewaters@sbcglobal.net,munson@msn.com,5/20/2012
parasite@att.net,crimsane@gmail.com,8/23/2013
darin@icloud.com,aaribaud@optonline.net,5/14/1986
heckerman@icloud.com,pontipak@optonline.net,9/2/1998
drhyde@gmail.com,bastian@me.com,2/7/2010
lukka@yahoo.com,vmalik@icloud.com,6/1/2001
kewley@yahoo.com,calin@hotmail.com,11/16/2002
adillon@sbcglobal.net,johndo@comcast.net,8/8/2001
tattooman@live.com,kobayasi@me.com,1/25/1994
ylchang@optonline.net,scotfl@msn.com,9/9/1983
portele@yahoo.com,mkearl@me.com,7/3/2002
farber@outlook.com,ozawa@aol.com,3/19/1991
mailarc@icloud.com,wetter@att.net,12/16/2012
danzigism@yahoo.ca,carcus@comcast.net,2/25/2008
penna@mac.com,campware@optonline.net,5/2/1989
isotopian@aol.com,dialworld@yahoo.com,1/21/2019
maradine@comcast.net,skajan@sbcglobal.net,5/3/1987
kenja@gmail.com,wayward@sbcglobal.net,7/28/2018
onestab@verizon.net,fbriere@yahoo.ca,11/30/2000
lauronen@live.com,ryanvm@mac.com,10/28/1983
grossman@hotmail.com,cfhsoft@verizon.net,10/20/2007
frosal@outlook.com,timtroyr@att.net,9/2/1983
bebing@outlook.com,scottzed@yahoo.ca,6/17/2010
specprog@verizon.net,rbarreira@comcast.net,6/6/2005
rbarreira@comcast.net,scottlee@optonline.net,12/5/2006
jfriedl@me.com,stecoop@icloud.com,12/26/1999
mgreen@comcast.net,gospodin@me.com,3/11/2010
kmiller@yahoo.ca,madanm@msn.com,12/27/2003
dburrows@optonline.net,lcheng@sbcglobal.net,6/15/1992
lydia@sbcglobal.net,mavilar@icloud.com,11/1/1980
grossman@att.net,cparis@att.net,5/12/1988
rgarcia@msn.com,stinson@comcast.net,6/19/1986
tangsh@mac.com,frederic@att.net,11/1/1993
cgcra@me.com,jeteve@yahoo.com,6/7/2008
tsuruta@me.com,russotto@aol.com,9/13/2009
atmarks@hotmail.com,tedrlord@me.com,4/3/2005
kostas@comcast.net,intlprog@live.com,10/17/2003
rbarreira@verizon.net,mstrout@msn.com,5/24/2006
jhardin@verizon.net,frode@live.com,3/10/1994
mthurn@verizon.net,pontipak@live.com,7/28/2006
noneme@verizon.net,nwiger@icloud.com,7/21/2014
wonderkid@yahoo.com,uncle@aol.com,8/3/1986
credmond@optonline.net,novanet@me.com,12/7/1996
sisyphus@me.com,pavel@yahoo.ca,7/1/1999
boser@yahoo.ca,chrisk@live.com,7/6/1996
evilopie@att.net,terjesa@outlook.com,2/28/2018
greear@yahoo.ca,joelw@optonline.net,3/31/1987
chance@icloud.com,campbell@hotmail.com,2/15/1987
dvdotnet@hotmail.com,dmouse@outlook.com,8/7/2005
gemmell@verizon.net,munjal@verizon.net,7/13/1996
avalon@gmail.com,drhyde@optonline.net,10/15/2013
jonathan@gmail.com,sumdumass@live.com,2/1/1992
kiddailey@msn.com,dvdotnet@comcast.net,12/24/2004
gboss@me.com,seurat@msn.com,8/19/1996
crowemojo@outlook.com,aardo@outlook.com,11/5/2007
tellis@att.net,agolomsh@me.com,7/11/2018
mpiotr@me.com,bartak@aol.com,11/16/1983
scottlee@hotmail.com,ardagna@msn.com,11/28/2013
fviegas@aol.com,camenisch@mac.com,11/28/2003
emmanuel@att.net,webdragon@verizon.net,1/17/2003
agapow@outlook.com,bmcmahon@msn.com,8/17/1990
oevans@outlook.com,aracne@sbcglobal.net,3/26/2017
tamas@gmail.com,fglock@icloud.com,5/2/1984
okroeger@yahoo.ca,xnormal@msn.com,6/6/1986
techie@optonline.net,bdbrown@sbcglobal.net,11/12/2005
xtang@outlook.com,linuxhack@mac.com,4/30/2004
isorashi@hotmail.com,meinkej@msn.com,5/22/1983
ateniese@hotmail.com,purvis@aol.com,5/12/2020
jnolan@icloud.com,padme@yahoo.ca,4/26/1996
ijackson@icloud.com,jonas@mac.com,9/14/1985
mcmillan@verizon.net,martyloo@comcast.net,10/30/1996
linuxhack@aol.com,ramollin@comcast.net,1/24/2011
hstiles@yahoo.com,cvrcek@live.com,11/1/1985
jdhedden@sbcglobal.net,mastinfo@me.com,10/27/2004
singer@yahoo.com,zilla@comcast.net,5/13/2008
podmaster@comcast.net,jginspace@me.com,5/24/2009
petersen@outlook.com,adamk@hotmail.com,7/1/1981
syncnine@aol.com,oechslin@hotmail.com,4/27/2015
crobles@outlook.com,presoff@hotmail.com,11/1/2002
pierce@hotmail.com,shawnce@comcast.net,9/30/2019
skajan@live.com,rkobes@live.com,10/6/1990
malvar@sbcglobal.net,chaikin@live.com,10/16/2003
vsprintf@live.com,jgwang@live.com,2/9/2018
tubajon@att.net,rnelson@aol.com,11/17/1992
ismail@aol.com,seebs@hotmail.com,4/17/2008
report@sbcglobal.net,dpitts@icloud.com,3/16/1994
tromey@me.com,meinkej@yahoo.ca,1/16/1995
starstuff@mac.com,wenzlaff@optonline.net,9/14/1995
hauma@gmail.com,claypool@verizon.net,12/11/2019
benits@icloud.com,bradl@aol.com,8/20/1983
kingma@aol.com,portele@me.com,5/9/2013
kourai@outlook.com,keijser@hotmail.com,7/18/2002
gtewari@att.net,tbeck@hotmail.com,3/9/2013
rjones@me.com,frederic@yahoo.ca,2/4/2000
dbrobins@gmail.com,purvis@yahoo.com,5/5/1989
kwilliams@gmail.com,juerd@sbcglobal.net,12/28/1999
mcraigw@optonline.net,sherzodr@sbcglobal.net,5/16/1986
satishr@yahoo.com,mavilar@att.net,7/16/2004
niknejad@mac.com,zeitlin@live.com,11/20/1995
plover@optonline.net,leakin@verizon.net,1/7/2008
euice@icloud.com,pthomsen@gmail.com,1/22/2012
qmacro@gmail.com,philb@att.net,3/22/2013
maneesh@me.com,loscar@msn.com,2/10/2012
jorgb@mac.com,kramulous@sbcglobal.net,10/6/1986
dunstan@aol.com,improv@sbcglobal.net,6/19/1992
natepuri@yahoo.com,wainwrig@outlook.com,11/16/2011
purvis@live.com,scitext@icloud.com,2/17/2016
jsnover@outlook.com,fwitness@icloud.com,2/7/1993
wagnerch@comcast.net,froodian@mac.com,3/9/2004
esbeck@yahoo.com,shrapnull@optonline.net,7/3/1988
yxing@outlook.com,houle@icloud.com,6/26/2001
hahiss@me.com,tjensen@hotmail.com,3/26/2015
larry@outlook.com,empathy@verizon.net,9/7/1994
gilmoure@optonline.net,zilla@yahoo.com,6/18/2008
carreras@yahoo.com,keiji@yahoo.com,9/14/2009
hwestiii@yahoo.ca,evans@sbcglobal.net,10/16/1985
janneh@me.com,gslondon@yahoo.com,8/1/1981
greear@yahoo.com,ijackson@msn.com,2/14/1993
smallpaul@outlook.com,bancboy@att.net,4/28/2002
bulletin@live.com,jelmer@verizon.net,4/27/1980
miltchev@outlook.com,mlewan@comcast.net,10/11/1980
daveewart@comcast.net,enintend@yahoo.com,6/16/2010
draper@msn.com,kohlis@yahoo.com,11/7/2006
quantaman@verizon.net,konit@comcast.net,9/13/2015
bancboy@hotmail.com,jpflip@comcast.net,3/31/2000
tellis@yahoo.ca,jyoliver@icloud.com,1/26/2014
keutzer@verizon.net,earmstro@outlook.com,1/15/1989
msloan@yahoo.com,zavadsky@comcast.net,12/5/2004
matsn@hotmail.com,cremonini@mac.com,11/4/1988
aegreene@live.com,kramulous@optonline.net,8/13/1997
chronos@icloud.com,skythe@live.com,2/4/2003
nasarius@msn.com,wildixon@comcast.net,12/31/2003
dogdude@gmail.com,jrifkin@icloud.com,9/20/2005
mcmillan@yahoo.com,rfisher@msn.com,5/30/1989
spadkins@yahoo.ca,tezbo@yahoo.com,1/12/1995
payned@comcast.net,ghost@gmail.com,6/11/2001
terjesa@msn.com,jshirley@me.com,5/20/2003
rkobes@att.net,nogin@outlook.com,8/4/1980
sokol@me.com,djupedal@yahoo.ca,5/30/2008
aglassis@comcast.net,irving@live.com,1/9/2015
openldap@yahoo.com,cantu@yahoo.ca,9/29/2017
madler@live.com,amimojo@sbcglobal.net,10/21/2002
gslondon@optonline.net,stecoop@msn.com,11/12/1982
dowdy@yahoo.ca,sonnen@sbcglobal.net,5/17/2010
skajan@att.net,andersbr@me.com,3/1/1999
hermanab@yahoo.ca,temmink@sbcglobal.net,12/26/2006
stomv@yahoo.ca,loscar@aol.com,7/16/1990
muzzy@optonline.net,engelen@outlook.com,1/19/2009
ribet@outlook.com,madler@optonline.net,12/28/1999
heroine@gmail.com,stern@yahoo.ca,9/17/1987
skajan@icloud.com,arebenti@hotmail.com,7/30/2000
emcleod@msn.com,anicolao@att.net,4/8/2014
munson@att.net,phish@icloud.com,8/30/1994
dowdy@yahoo.com,matsn@live.com,2/1/1999
paulv@verizon.net,intlprog@yahoo.com,3/27/1980
gator@yahoo.com,saridder@me.com,9/22/1991
bogjobber@icloud.com,chrisj@yahoo.com,10/22/1986
cderoove@msn.com,citizenl@sbcglobal.net,3/23/2008
juliano@aol.com,paina@verizon.net,12/9/2004
airship@msn.com,kaiser@hotmail.com,3/6/1987
frosal@verizon.net,vsprintf@outlook.com,8/12/2014
bsikdar@msn.com,chrisk@optonline.net,4/19/2005
choset@icloud.com,ghaviv@sbcglobal.net,5/20/1988
stefano@verizon.net,jfinke@aol.com,8/26/1985
keutzer@mac.com,nasor@hotmail.com,1/22/2012
tamas@yahoo.ca,sumdumass@gmail.com,4/12/2013
jonadab@icloud.com,emcleod@gmail.com,5/6/1986
oechslin@gmail.com,aglassis@msn.com,1/18/2009
csilvers@hotmail.com,mavilar@hotmail.com,6/30/2006
earmstro@yahoo.ca,delpino@msn.com,5/5/1986
cderoove@optonline.net,jesse@att.net,9/19/1988
epeeist@yahoo.ca,dburrows@att.net,6/21/1989
sekiya@me.com,quantaman@att.net,12/22/2002
rbarreira@mac.com,fhirsch@verizon.net,3/31/2008
dgatwood@mac.com,esasaki@yahoo.com,10/20/1999
hahsler@hotmail.com,jhardin@verizon.net,9/18/1987
grolschie@msn.com,erynf@att.net,5/13/2008
staikos@aol.com,budinger@live.com,2/25/1994
dunstan@yahoo.com,nichoj@comcast.net,6/9/2017
kingjoshi@me.com,lishoy@msn.com,1/25/2006
fwiles@yahoo.ca,gfody@att.net,1/13/1994
squirrel@att.net,kwilliams@comcast.net,5/14/1983
hmbrand@me.com,janneh@gmail.com,12/9/2003
payned@outlook.com,jaffe@sbcglobal.net,3/10/1997
kramulous@verizon.net,jrkorson@optonline.net,8/18/2011
yenya@msn.com,schumer@me.com,9/30/1994
syrinx@yahoo.ca,miyop@icloud.com,5/28/1998
fallorn@live.com,mlewan@yahoo.com,10/25/2004
jwarren@aol.com,mbswan@sbcglobal.net,7/22/1985
wsnyder@yahoo.ca,pedwards@att.net,1/30/1996
rfoley@yahoo.ca,kmiller@aol.com,12/22/2019
fglock@yahoo.ca,ahuillet@comcast.net,5/23/2006
jbearp@icloud.com,iapetus@verizon.net,12/29/1983
daveed@hotmail.com,heroine@outlook.com,5/19/1995
mastinfo@verizon.net,kramulous@yahoo.ca,7/22/2007
tattooman@optonline.net,naupa@me.com,11/23/2001
njpayne@icloud.com,alastair@sbcglobal.net,3/29/1982
jgmyers@comcast.net,dbrobins@icloud.com,11/22/2002
fbriere@yahoo.com,psichel@verizon.net,5/22/1989
offthelip@gmail.com,corrada@comcast.net,8/20/1997
xnormal@sbcglobal.net,wbarker@verizon.net,1/14/2018
nanop@msn.com,ducasse@verizon.net,1/2/1983
jmorris@verizon.net,damian@outlook.com,2/11/2016
ehood@outlook.com,sriha@mac.com,9/18/1985
flakeg@yahoo.com,farber@optonline.net,6/18/2006
tarreau@live.com,grady@live.com,4/8/1980
gavollink@gmail.com,miami@optonline.net,6/3/1980
fatelk@msn.com,fraterk@yahoo.com,9/3/1982
maradine@gmail.com,jandrese@att.net,11/29/2014
mschilli@yahoo.com,hmbrand@live.com,7/6/2019
willg@gmail.com,terjesa@yahoo.com,4/5/1992
luebke@live.com,wsnyder@live.com,7/22/2008
richard@verizon.net,quinn@hotmail.com,11/12/1999
manuals@hotmail.com,emcleod@mac.com,5/31/2009
portele@comcast.net,ninenine@yahoo.ca,4/5/1986
parasite@msn.com,bdbrown@me.com,9/26/2015
dwsauder@att.net,mrobshaw@mac.com,10/14/1999
ismail@aol.com,evilopie@yahoo.ca,8/3/1980
cameron@me.com,aaribaud@mac.com,12/23/2008
eurohack@aol.com,frikazoyd@comcast.net,6/29/2017
tedrlord@live.com,jugalator@comcast.net,12/5/2004
jaxweb@outlook.com,jipsen@att.net,2/26/1990
bachmann@hotmail.com,vsprintf@att.net,7/24/2009
carcus@att.net,eegsa@icloud.com,1/21/2009
themer@msn.com,grolschie@yahoo.com,5/14/2001
gospodin@yahoo.com,mfburgo@hotmail.com,2/17/1985
meder@mac.com,lstaf@yahoo.com,5/16/1993
kohlis@mac.com,jacks@live.com,9/12/1990
kodeman@yahoo.com,ryanshaw@live.com,1/29/2009
michiel@att.net,chance@msn.com,6/10/1984
joelw@gmail.com,andrei@msn.com,9/10/2006
jemarch@yahoo.com,monkeydo@yahoo.com,3/25/2001
agapow@gmail.com,policies@sbcglobal.net,12/3/2007
kourai@optonline.net,luebke@outlook.com,6/22/1992
koudas@aol.com,cgreuter@msn.com,4/10/2010
murty@hotmail.com,arathi@aol.com,2/27/1986
whimsy@aol.com,sscorpio@aol.com,3/1/1989
satch@mac.com,cameron@comcast.net,1/27/2005
xnormal@hotmail.com,jbryan@yahoo.com,5/8/1993
dodong@sbcglobal.net,cisugrad@outlook.com,1/29/1995
pthomsen@optonline.net,chrisj@att.net,9/6/1996
sriha@gmail.com,hahiss@sbcglobal.net,2/14/1993
daveed@aol.com,seemant@hotmail.com,3/15/2014
esokullu@msn.com,webdragon@yahoo.ca,3/30/1981
grolschie@outlook.com,adhere@optonline.net,12/27/2000
chrisk@mac.com,dmath@verizon.net,7/7/1984
dprice@live.com,jhardin@me.com,2/5/1980
skythe@yahoo.ca,webdragon@hotmail.com,1/28/1980
smcnabb@mac.com,attwood@sbcglobal.net,8/5/2015
michiel@mac.com,mkearl@att.net,9/5/1994
sabren@verizon.net,seano@me.com,5/3/2013
rfoley@live.com,kevinm@verizon.net,7/31/1984
uqmcolyv@outlook.com,kourai@yahoo.ca,11/15/1981
noticias@outlook.com,mirod@hotmail.com,3/22/1984
kjetilk@me.com,karasik@mac.com,8/28/2003
ijackson@live.com,dkeeler@hotmail.com,6/28/2000
empathy@msn.com,telbij@live.com,7/4/2001
breegster@outlook.com,uraeus@hotmail.com,11/2/1987
dsugal@gmail.com,delpino@outlook.com,6/11/1999
yumpy@yahoo.ca,elmer@hotmail.com,1/31/1993
kosact@me.com,cisugrad@att.net,9/21/2008
eimear@mac.com,camenisch@att.net,8/31/2016
philb@mac.com,jschauma@live.com,9/11/2005
willg@verizon.net,shaffei@aol.com,5/23/2012
ournews@sbcglobal.net,gfxguy@msn.com,9/17/2015
nasarius@me.com,jramio@yahoo.ca,10/12/1984
fairbank@icloud.com,fhirsch@gmail.com,4/16/1998
hellfire@me.com,jespley@hotmail.com,2/10/2007
seebs@me.com,gbacon@hotmail.com,12/2/1987
kimvette@live.com,fallorn@sbcglobal.net,12/11/1990
garyjb@verizon.net,naoya@live.com,6/14/2007
jfreedma@me.com,gamma@msn.com,3/27/1995
hoangle@mac.com,stern@mac.com,3/1/2020
cvrcek@yahoo.ca,paley@hotmail.com,6/16/1999
tangsh@mac.com,gavollink@yahoo.ca,10/5/1987
mxiao@sbcglobal.net,monopole@live.com,2/9/2001
iamcal@outlook.com,zilla@icloud.com,11/15/1999
elflord@gmail.com,aegreene@verizon.net,9/19/2007
chaffar@verizon.net,wildixon@mac.com,12/29/2018
pjacklam@outlook.com,rasca@msn.com,10/27/2014
wagnerch@msn.com,timlinux@yahoo.com,8/30/1999
trieuvan@optonline.net,evilopie@verizon.net,3/26/1992
konit@hotmail.com,jaarnial@gmail.com,3/26/1981
makarow@icloud.com,oevans@comcast.net,11/25/2001
boser@icloud.com,hllam@optonline.net,5/11/1986
pappp@mac.com,martyloo@live.com,3/5/2001
srour@aol.com,pgolle@me.com,7/14/1992
ewaters@yahoo.ca,vertigo@me.com,6/23/1992
jorgb@yahoo.ca,padme@verizon.net,6/3/1983
zeitlin@gmail.com,duncand@att.net,2/28/1997
guialbu@live.com,bsikdar@live.com,8/3/1995
jonas@mac.com,wayward@yahoo.com,10/2/1990
dleconte@me.com,blixem@hotmail.com,3/15/1987
linuxhack@me.com,rtanter@live.com,12/8/1997
jonadab@optonline.net,yamla@att.net,10/5/2018
pemungkah@icloud.com,alhajj@sbcglobal.net,8/3/1984
michiel@mac.com,grolschie@msn.com,1/24/1997
kalpol@sbcglobal.net,seebs@icloud.com,10/3/1981
farber@mac.com,chrisk@icloud.com,6/3/1990
yenya@mac.com,keutzer@yahoo.com,11/4/1994
kingjoshi@comcast.net,reeds@verizon.net,4/30/1994
flakeg@live.com,guialbu@optonline.net,6/19/1989
wayward@yahoo.com,onestab@live.com,10/3/1999
alfred@outlook.com,jrifkin@optonline.net,11/10/1996
akoblin@outlook.com,yfreund@hotmail.com,2/25/2015
jgmyers@live.com,smeier@optonline.net,2/16/2008
jfmulder@yahoo.ca,fmerges@outlook.com,10/9/1987
dkasak@aol.com,bonmots@hotmail.com,10/7/2004
xtang@msn.com,barlow@mac.com,7/28/1991
fudrucker@verizon.net,wsnyder@optonline.net,9/16/2005
preneel@yahoo.ca,hellfire@live.com,4/6/1986
sethbrown@comcast.net,stewwy@verizon.net,7/11/2001
quinn@optonline.net,slanglois@icloud.com,4/8/2003
jfreedma@yahoo.ca,mcraigw@msn.com,5/11/2000
howler@comcast.net,lridener@mac.com,6/21/1981
miyop@sbcglobal.net,seanq@verizon.net,9/19/2013
crobles@gmail.com,boser@gmail.com,2/1/2013
jdhildeb@sbcglobal.net,jcholewa@mac.com,1/27/2007
jcholewa@yahoo.ca,onestab@optonline.net,12/16/1980
noneme@yahoo.com,ducasse@sbcglobal.net,1/30/1990
webdragon@comcast.net,grinder@yahoo.ca,5/26/2017
penna@msn.com,jimxugle@yahoo.ca,1/25/1986
thomasj@msn.com,jbearp@hotmail.com,5/12/1990
techie@yahoo.ca,world@yahoo.ca,6/28/1985
scarolan@gmail.com,microfab@verizon.net,12/9/1980
samavati@yahoo.com,kludge@outlook.com,8/1/2018
sriha@live.com,scarlet@msn.com,6/30/2017
citizenl@live.com,dogdude@msn.com,8/1/2007
luebke@sbcglobal.net,moinefou@icloud.com,2/21/1992
bmorrow@aol.com,yamla@live.com,1/11/2017
koudas@mac.com,sumdumass@gmail.com,9/8/2000
bcevc@msn.com,jaesenj@me.com,7/14/1988
gordonjcp@gmail.com,kingma@optonline.net,9/14/2014
kaiser@me.com,pontipak@sbcglobal.net,6/17/2020
blixem@live.com,raides@comcast.net,9/20/1996
crypt@verizon.net,jaesenj@live.com,10/26/1984
krueger@verizon.net,grinder@gmail.com,10/13/1981
smpeters@aol.com,rcwil@verizon.net,3/31/2010
thassine@yahoo.com,wortmanj@msn.com,3/3/2003
jfinke@aol.com,kohlis@mac.com,5/11/2011
mglee@outlook.com,laird@mac.com,9/4/1980
ateniese@optonline.net,teverett@gmail.com,1/2/2002
jnolan@optonline.net,budinger@yahoo.com,7/16/1995
noodles@aol.com,geekgrl@gmail.com,1/16/2010
sherzodr@yahoo.ca,mhouston@yahoo.ca,7/15/2011
ryanshaw@outlook.com,thrymm@me.com,7/25/1989
mfburgo@outlook.com,neonatus@icloud.com,3/19/2016
fwitness@hotmail.com,mcast@icloud.com,2/22/2011
airship@msn.com,bruck@gmail.com,5/3/2004
adhere@msn.com,wiseb@me.com,5/15/2019
markjugg@att.net,hager@yahoo.com,3/24/2018
mhouston@mac.com,russotto@verizon.net,11/19/2010
mjewell@yahoo.ca,cisugrad@verizon.net,6/2/2016
malvar@sbcglobal.net,purvis@sbcglobal.net,5/28/2006
scottlee@mac.com,aaribaud@mac.com,2/5/2011
oneiros@icloud.com,pspoole@verizon.net,5/16/2014
solomon@yahoo.ca,oevans@att.net,10/14/1987
schwaang@att.net,pfitza@live.com,4/28/1998
parkes@sbcglobal.net,srour@att.net,1/23/2005
dbindel@msn.com,tbmaddux@optonline.net,11/26/1992
richard@live.com,janneh@live.com,8/19/2019
jshirley@live.com,nichoj@hotmail.com,7/2/2014
hellfire@optonline.net,comdig@mac.com,6/24/1980
niknejad@icloud.com,kmiller@live.com,2/25/1989
seebs@comcast.net,arandal@hotmail.com,9/30/1991
jimmichie@msn.com,pplinux@optonline.net,6/15/2009
jschauma@aol.com,yenya@optonline.net,8/21/2005
graham@aol.com,eurohack@sbcglobal.net,1/3/2016
eabrown@att.net,jmmuller@att.net,10/26/1986
helger@outlook.com,dkrishna@icloud.com,3/30/2001
mbalazin@hotmail.com,aegreene@live.com,5/9/2007
jschauma@aol.com,calin@aol.com,6/16/2002
aglassis@comcast.net,dawnsong@verizon.net,6/7/2015
claypool@gmail.com,hllam@yahoo.ca,8/18/2016
hoangle@msn.com,hachi@hotmail.com,10/17/2002
dougj@me.com,yangyan@gmail.com,7/27/1986
timtroyr@gmail.com,drjlaw@gmail.com,4/3/2011
dogdude@verizon.net,lahvak@gmail.com,1/24/2003
ozawa@gmail.com,jbailie@msn.com,7/17/2020
kayvonf@yahoo.ca,bescoto@sbcglobal.net,9/25/2006
bonmots@msn.com,manuals@aol.com,5/23/1995
kidehen@me.com,mobileip@aol.com,8/29/1986
uqmcolyv@yahoo.com,fudrucker@yahoo.ca,7/3/2020
scarolan@hotmail.com,muzzy@comcast.net,8/5/2007
lipeng@yahoo.com,bulletin@icloud.com,9/13/1983
lridener@aol.com,jsmith@live.com,11/12/1984
stellaau@aol.com,heine@gmail.com,5/17/1989
lbecchi@yahoo.ca,arebenti@icloud.com,5/26/1985
mfleming@yahoo.ca,mwandel@icloud.com,8/15/1999
grothoff@msn.com,reeds@aol.com,9/15/1996
vganesh@me.com,leslie@me.com,4/17/2019
bockelboy@icloud.com,hyper@yahoo.ca,5/10/1993
msroth@hotmail.com,sjmuir@yahoo.ca,7/22/2000
thassine@yahoo.ca,jdhildeb@live.com,11/28/1997
jguyer@icloud.com,gomor@yahoo.ca,6/21/1988
conteb@comcast.net,uncled@att.net,8/2/2006
thaljef@aol.com,kevinm@verizon.net,1/7/1987
oevans@outlook.com,johndo@yahoo.com,10/1/2016
dunstan@comcast.net,delpino@comcast.net,1/29/2009
pedwards@me.com,staffelb@hotmail.com,1/18/2001
alastair@verizon.net,dinther@icloud.com,1/28/1985
torgox@outlook.com,tellis@yahoo.ca,7/26/1982
bader@msn.com,mkearl@icloud.com,5/11/2000
jimxugle@yahoo.com,tjensen@me.com,6/9/2006
graham@gmail.com,webteam@hotmail.com,3/19/1984
greear@hotmail.com,druschel@outlook.com,12/6/1980
bader@live.com,jugalator@gmail.com,3/20/2017
telbij@me.com,sinclair@msn.com,12/19/2005
dexter@optonline.net,kaiser@live.com,10/27/1993
conteb@verizon.net,petersko@sbcglobal.net,11/25/2012
ngedmond@hotmail.com,jigsaw@hotmail.com,2/12/1987
andrei@outlook.com,nichoj@mac.com,10/25/1993
hmbrand@live.com,parkes@sbcglobal.net,8/1/2011
hampton@icloud.com,osrin@hotmail.com,12/27/2011
kosact@gmail.com,munson@yahoo.com,10/22/1984
dwheeler@me.com,mavilar@att.net,8/8/1988
mgreen@optonline.net,thassine@comcast.net,10/31/2013
nanop@sbcglobal.net,rnelson@optonline.net,2/5/1984
madanm@yahoo.com,ullman@msn.com,8/16/2000
smartfart@icloud.com,gilmoure@verizon.net,7/15/2001
grdschl@mac.com,sakusha@optonline.net,5/31/2003
skythe@verizon.net,mhouston@hotmail.com,5/21/2020
evilopie@att.net,smcnabb@att.net,2/12/2005
arathi@yahoo.com,timtroyr@live.com,1/30/1982
grinder@icloud.com,biglou@gmail.com,1/3/2008
punkis@mac.com,jrkorson@mac.com,3/4/1985
schumer@aol.com,guialbu@outlook.com,4/3/1994
chance@verizon.net,qrczak@mac.com,2/25/1986
solomon@outlook.com,kimvette@att.net,12/24/1987
rhavyn@icloud.com,jonadab@aol.com,6/29/2015
mccurley@optonline.net,parkes@sbcglobal.net,1/29/2014
nachbaur@outlook.com,shawnce@comcast.net,10/22/1981
kawasaki@optonline.net,balchen@comcast.net,3/7/1984
mcmillan@msn.com,paulv@yahoo.com,6/9/1995
crowl@sbcglobal.net,rcwil@optonline.net,7/14/1984
burns@msn.com,elflord@att.net,9/11/1991
gknauss@hotmail.com,chaffar@optonline.net,12/6/1980
sherzodr@aol.com,iapetus@gmail.com,4/27/1985
grinder@yahoo.com,andale@mac.com,8/8/2001
crowemojo@msn.com,ahuillet@att.net,12/15/1997
alastair@live.com,mallanmba@verizon.net,8/26/2004
dmiller@att.net,nighthawk@sbcglobal.net,8/30/1991
gerlo@att.net,cliffordj@yahoo.com,3/14/2000
miami@verizon.net,jesse@live.com,11/28/1992
jshearer@att.net,preneel@me.com,2/21/1986
pthomsen@att.net,speeves@yahoo.com,12/21/1992
enintend@outlook.com,joehall@hotmail.com,1/5/2015
bachmann@hotmail.com,bdthomas@hotmail.com,10/21/1992
alias@att.net,geeber@yahoo.ca,4/9/1985
rupak@sbcglobal.net,facet@me.com,11/28/1988
fudrucker@aol.com,osrin@hotmail.com,10/26/1981
danny@gmail.com,caronni@aol.com,10/30/2017
krueger@verizon.net,gbacon@outlook.com,1/24/2017
atmarks@verizon.net,dwsauder@me.com,8/21/1986
speeves@att.net,zwood@att.net,1/27/1984
hager@aol.com,cgcra@yahoo.ca,4/6/2003
hoyer@mac.com,skippy@optonline.net,1/30/2009
crobles@comcast.net,mjewell@att.net,5/20/1999
simone@icloud.com,chaikin@sbcglobal.net,6/10/1980
breegster@live.com,feamster@sbcglobal.net,6/27/1989
thurston@gmail.com,rafasgj@msn.com,8/1/1985
crowemojo@comcast.net,dkeeler@yahoo.com,10/31/2007
yzheng@comcast.net,pemungkah@mac.com,1/6/2004
delpino@optonline.net,killmenow@optonline.net,8/17/1985
carmena@me.com,graham@att.net,1/10/1985
thrymm@comcast.net,jshearer@outlook.com,2/28/2008
brbarret@msn.com,mstrout@hotmail.com,4/17/1990
pfitza@yahoo.com,fbriere@verizon.net,11/13/1991
grinder@comcast.net,bahwi@aol.com,7/26/1994
eimear@live.com,jbryan@msn.com,3/13/1988
djupedal@optonline.net,chance@sbcglobal.net,6/22/2005
dinther@gmail.com,arandal@optonline.net,8/18/1986
goresky@live.com,lahvak@optonline.net,12/19/2002
melnik@att.net,subir@msn.com,3/10/1995
kaiser@comcast.net,yamla@gmail.com,6/28/1992
dinther@hotmail.com,rasca@verizon.net,6/23/1992
linuxhack@msn.com,jdhedden@sbcglobal.net,3/25/2010
timtroyr@sbcglobal.net,breegster@comcast.net,11/18/2007
sopwith@me.com,jimxugle@att.net,1/22/1992
wbarker@me.com,jorgb@hotmail.com,4/26/1992
carroll@outlook.com,andrewik@msn.com,9/24/1998
stellaau@outlook.com,lamky@att.net,9/19/2000
bowmanbs@att.net,kjetilk@yahoo.ca,9/14/1999
rande@verizon.net,martink@icloud.com,3/7/2010
cgcra@hotmail.com,improv@verizon.net,6/13/1983
muadip@verizon.net,bockelboy@gmail.com,2/6/2004
fudrucker@att.net,mugwump@mac.com,11/12/2013
niknejad@optonline.net,jbryan@yahoo.ca,12/15/1987
srour@att.net,seemant@outlook.com,6/20/2001
kudra@yahoo.com,wonderkid@icloud.com,12/20/2015
vertigo@sbcglobal.net,birddog@yahoo.ca,4/24/2011
kmself@hotmail.com,pereinar@gmail.com,5/20/1983
chrisj@live.com,rddesign@yahoo.com,10/18/2003
temmink@icloud.com,ryanvm@hotmail.com,9/15/1985
jnolan@att.net,hamilton@gmail.com,5/30/1992
eminence@mac.com,geeber@sbcglobal.net,4/26/1985
ateniese@sbcglobal.net,jcholewa@gmail.com,4/25/1982
ducasse@gmail.com,quantaman@outlook.com,2/4/1985
neonatus@aol.com,wmszeliga@att.net,11/26/2008
hoangle@yahoo.com,rgiersig@comcast.net,4/23/2010
skythe@verizon.net,houle@comcast.net,5/11/1988
dmath@att.net,mwilson@att.net,7/12/2002
delpino@yahoo.com,shaffei@outlook.com,9/7/2009
mrsam@icloud.com,pgottsch@yahoo.ca,2/17/1991
thomasj@yahoo.ca,ewaters@hotmail.com,10/10/2010
jamuir@msn.com,elflord@aol.com,3/6/2001
kmiller@gmail.com,plover@optonline.net,10/31/2001
gemmell@att.net,jgoerzen@gmail.com,11/1/1990
offthelip@comcast.net,neonatus@me.com,5/14/1987
starstuff@comcast.net,sabren@outlook.com,3/8/1986
starstuff@yahoo.com,sharon@comcast.net,5/18/2015
gmcgath@icloud.com,mahbub@live.com,11/5/2004
petersen@mac.com,lukka@sbcglobal.net,9/15/1995
themer@me.com,sabren@me.com,5/20/2011
crimsane@yahoo.com,dkrishna@optonline.net,3/23/1996
kspiteri@msn.com,mstrout@sbcglobal.net,12/7/2014
gastown@hotmail.com,stecoop@att.net,10/15/1998
jpflip@mac.com,moinefou@att.net,1/28/2011
benits@yahoo.ca,kimvette@yahoo.ca,4/1/1986
jonas@icloud.com,krueger@hotmail.com,1/18/1984
tellis@icloud.com,kronvold@yahoo.com,11/2/2003
morain@yahoo.ca,aegreene@att.net,7/9/1999
chrisk@msn.com,mcsporran@sbcglobal.net,3/6/1983
bmcmahon@me.com,sagal@hotmail.com,6/21/1995
vsprintf@outlook.com,jwarren@yahoo.com,5/22/2004
boser@me.com,redingtn@yahoo.ca,11/23/1990
satch@sbcglobal.net,caronni@outlook.com,9/9/2007
wbarker@outlook.com,miami@msn.com,11/3/1999
syncnine@aol.com,pemungkah@gmail.com,5/17/2012
jelmer@hotmail.com,paulv@sbcglobal.net,6/4/2019
niknejad@mac.com,rnelson@mac.com,11/25/1992
msloan@msn.com,doormat@yahoo.ca,9/19/1980
phish@icloud.com,baveja@verizon.net,7/2/1997
speeves@outlook.com,leakin@sbcglobal.net,5/5/2019
akoblin@me.com,carmena@yahoo.ca,7/1/2005
mnemonic@aol.com,bhima@sbcglobal.net,4/1/2010
bader@yahoo.com,kevinm@msn.com,12/16/2011
emmanuel@yahoo.ca,peterhoeg@msn.com,9/26/2010
odlyzko@icloud.com,madler@yahoo.com,8/20/1985
boein@live.com,campware@yahoo.ca,1/3/1985
sinkou@mac.com,thassine@comcast.net,9/20/1989
ingolfke@me.com,padme@me.com,1/5/2007
portscan@optonline.net,mhouston@live.com,3/16/1982
druschel@yahoo.ca,lstaf@mac.com,2/9/2015
nachbaur@comcast.net,scarlet@mac.com,6/4/2015
mahbub@msn.com,konit@att.net,3/13/1996
stellaau@me.com,cantu@me.com,2/24/2002
jaarnial@sbcglobal.net,dmiller@optonline.net,6/2/2019
caronni@sbcglobal.net,morain@aol.com,9/5/1992
tubesteak@yahoo.com,luvirini@yahoo.com,11/30/1983
demmel@hotmail.com,eminence@yahoo.com,4/17/1991
sblack@gmail.com,corrada@icloud.com,4/9/1991
jmcnamara@aol.com,yamla@gmail.com,7/28/1994
gomor@hotmail.com,kiddailey@att.net,10/19/2012
jnolan@verizon.net,adillon@live.com,11/4/1983
chaikin@msn.com,portele@att.net,11/7/2010
bruck@comcast.net,terjesa@gmail.com,8/25/1980
gbacon@yahoo.ca,esokullu@yahoo.ca,3/5/1984
augusto@mac.com,pemungkah@msn.com,11/3/2011
rcwil@att.net,stellaau@mac.com,5/12/1996
jipsen@icloud.com,chance@live.com,11/22/1993
pspoole@yahoo.com,tbmaddux@hotmail.com,1/9/1982
matthijs@att.net,amaranth@sbcglobal.net,1/9/2008
gamma@aol.com,stecoop@optonline.net,12/8/1990
cvrcek@att.net,stellaau@att.net,11/9/2004
kwilliams@live.com,dleconte@gmail.com,5/5/2020
duchamp@optonline.net,xnormal@msn.com,3/8/1980
smcnabb@outlook.com,weazelman@att.net,9/23/1985
burniske@yahoo.com,garyjb@optonline.net,11/22/2008
boein@hotmail.com,eabrown@mac.com,1/20/1995
uncled@live.com,sriha@hotmail.com,8/21/2002
goresky@sbcglobal.net,thaljef@yahoo.com,8/25/1989
tmaek@outlook.com,noahb@me.com,1/15/1995
wildixon@yahoo.ca,engelen@verizon.net,2/10/2004
wmszeliga@me.com,gilmoure@mac.com,1/12/1985
eurohack@gmail.com,okroeger@comcast.net,8/21/2010
dbrobins@hotmail.com,jwarren@yahoo.com,8/28/1984
jbuchana@sbcglobal.net,arathi@sbcglobal.net,9/27/2015
lushe@yahoo.com,brickbat@yahoo.com,9/27/1994
jusdisgi@gmail.com,gerlo@msn.com,4/24/1991
jorgb@icloud.com,crowemojo@hotmail.com,7/24/2018
cgreuter@me.com,garyjb@att.net,1/14/2006
bancboy@me.com,overbom@yahoo.ca,12/13/1995
yfreund@hotmail.com,meder@gmail.com,8/18/2005
nicktrig@mac.com,daveed@aol.com,12/19/2007
dgatwood@mac.com,birddog@att.net,10/4/1982
qmacro@live.com,bwcarty@hotmail.com,8/22/2004
jkegl@comcast.net,guialbu@msn.com,5/25/1984
tlinden@live.com,hahsler@msn.com,10/11/1998
dmouse@aol.com,kobayasi@hotmail.com,6/4/1986
whimsy@msn.com,joelw@verizon.net,3/8/2009
pierce@att.net,cgcra@yahoo.ca,7/1/2002
padme@att.net,luvirini@optonline.net,7/23/2011
uncle@live.com,claypool@aol.com,10/25/2000
sinclair@icloud.com,chaffar@aol.com,2/12/2014
amaranth@att.net,rnewman@mac.com,2/12/2017
qmacro@me.com,bjoern@icloud.com,2/10/2002
flaviog@me.com,hahiss@gmail.com,3/27/2006
mbswan@verizon.net,bbirth@live.com,5/26/2009
dexter@msn.com,dalamb@gmail.com,1/16/2002
melnik@me.com,sscorpio@optonline.net,1/28/1996
thrymm@optonline.net,singh@msn.com,1/9/2015
rohitm@sbcglobal.net,telbij@icloud.com,12/17/2014
noticias@aol.com,grothoff@outlook.com,12/14/1998
evans@icloud.com,thrymm@optonline.net,9/20/1997
sjava@gmail.com,eurohack@msn.com,10/7/1991
gordonjcp@hotmail.com,citizenl@icloud.com,7/11/2009
draper@comcast.net,fmerges@live.com,4/15/2007
mdielmann@sbcglobal.net,tamas@verizon.net,12/3/2008
pgottsch@comcast.net,sbmrjbr@optonline.net,7/5/1982
jaffe@comcast.net,suresh@comcast.net,2/2/2011
carcus@att.net,aaribaud@yahoo.com,7/1/2020
kudra@aol.com,matsn@optonline.net,2/17/1999
boftx@att.net,citadel@sbcglobal.net,8/18/1995
boser@hotmail.com,timtroyr@icloud.com,9/30/1996
keijser@live.com,mrdvt@verizon.net,5/26/2016
fraterk@gmail.com,barnett@hotmail.com,8/11/1982
cliffski@att.net,larry@verizon.net,5/30/2011
campbell@me.com,tarreau@gmail.com,3/15/2007
jaesenj@yahoo.ca,pkilab@verizon.net,5/22/2000
frederic@me.com,rfoley@optonline.net,1/8/2019
fglock@yahoo.ca,goresky@msn.com,9/29/2019
doche@aol.com,bartak@yahoo.com,4/7/2001
bmorrow@icloud.com,multiplx@msn.com,5/12/1995
seemant@verizon.net,demmel@mac.com,11/7/2005
mcraigw@comcast.net,meder@hotmail.com,11/20/1993
webinc@sbcglobal.net,steve@msn.com,2/5/1996
bmidd@comcast.net,crobles@yahoo.ca,7/22/2004
lipeng@att.net,bahwi@verizon.net,8/7/1995
oneiros@verizon.net,caronni@verizon.net,12/19/1989
miyop@msn.com,cosimo@outlook.com,1/25/1998
njpayne@mac.com,weidai@att.net,10/29/1999
dialworld@live.com,leslie@live.com,3/14/1999
schumer@yahoo.ca,research@hotmail.com,9/22/2016
weazelman@icloud.com,jemarch@aol.com,3/5/1987
dleconte@verizon.net,miami@att.net,5/28/1986
telbij@yahoo.com,arnold@icloud.com,4/30/1992
ahmad@aol.com,ntegrity@me.com,8/14/2015
druschel@icloud.com,saridder@att.net,11/27/1996
campware@gmail.com,madanm@sbcglobal.net,5/22/2003
gator@hotmail.com,fglock@optonline.net,2/17/1995
nichoj@outlook.com,hellfire@yahoo.ca,10/20/1997
stomv@yahoo.ca,jonadab@att.net,5/8/2007
hermanab@me.com,jrifkin@hotmail.com,8/3/1982
amimojo@mac.com,mstrout@verizon.net,4/28/1989
meinkej@aol.com,houle@verizon.net,6/1/2007
hahsler@msn.com,parents@aol.com,12/30/2000
mmccool@me.com,pgolle@gmail.com,5/5/1995
amaranth@aol.com,froodian@outlook.com,2/11/2008
gator@msn.com,nasor@yahoo.ca,8/27/2018
mthurn@me.com,yangyan@msn.com,5/28/1992
joelw@gmail.com,arebenti@icloud.com,9/6/1989
mfburgo@outlook.com,mugwump@msn.com,6/29/1985
empathy@verizon.net,metzzo@me.com,3/8/2016
jbuchana@hotmail.com,miami@yahoo.com,4/6/2008
kramulous@yahoo.ca,jorgb@comcast.net,7/13/1984
hyper@gmail.com,openldap@optonline.net,10/6/2016
kudra@yahoo.com,ahmad@hotmail.com,6/6/2006
floxy@verizon.net,denism@optonline.net,8/5/1992
miturria@live.com,mmccool@yahoo.com,10/27/1993
schwaang@yahoo.com,markjugg@comcast.net,9/12/2017
mcsporran@me.com,pjacklam@comcast.net,9/10/1992
vsprintf@me.com,scotfl@icloud.com,9/25/1981
goresky@att.net,pereinar@icloud.com,1/8/1995
csilvers@gmail.com,ournews@comcast.net,3/14/2003
caidaperl@optonline.net,rattenbt@mac.com,6/20/2011
lcheng@mac.com,geekoid@att.net,10/1/2016
hahsler@msn.com,shawnce@gmail.com,12/10/1994
kspiteri@aol.com,engelen@att.net,4/26/2006
marcs@comcast.net,emcleod@sbcglobal.net,2/26/2000
kassiesa@msn.com,british@sbcglobal.net,6/20/1980
vertigo@aol.com,syrinx@optonline.net,9/19/1986
clkao@live.com,carcus@live.com,2/10/2003
matty@icloud.com,jugalator@yahoo.ca,9/21/2019
leslie@yahoo.ca,alhajj@yahoo.com,3/16/1984
jgmyers@comcast.net,pkplex@live.com,2/16/1980
sumdumass@live.com,muzzy@hotmail.com,7/27/1984
vertigo@live.com,breegster@msn.com,7/11/1998
hoyer@me.com,hllam@hotmail.com,4/12/1999
parkes@yahoo.com,grinder@hotmail.com,7/2/1985
fangorn@sbcglobal.net,kalpol@comcast.net,8/5/2006
dawnsong@verizon.net,afifi@yahoo.com,1/5/2010
yfreund@gmail.com,wetter@gmail.com,11/9/2007
fatelk@mac.com,bmcmahon@gmail.com,3/17/2019
onestab@att.net,psharpe@comcast.net,5/30/2006
bdthomas@verizon.net,jsmith@optonline.net,6/20/2017
engelen@me.com,dleconte@yahoo.com,3/7/2013
meder@att.net,cliffordj@mac.com,11/22/1984
philen@comcast.net,geekgrl@outlook.com,9/7/2006
neuffer@att.net,chrisj@hotmail.com,5/15/2005
chance@att.net,brainless@aol.com,9/9/2010
killmenow@me.com,kassiesa@outlook.com,7/16/1991
mglee@optonline.net,bolow@live.com,11/16/1983
rnewman@optonline.net,oracle@me.com,4/12/2007
bockelboy@icloud.com,purvis@icloud.com,8/29/2018
jrkorson@yahoo.com,aracne@me.com,7/24/1996
luvirini@sbcglobal.net,denton@live.com,3/14/1986
mirod@optonline.net,noticias@msn.com,6/22/2003
kingma@att.net,sacraver@yahoo.com,7/6/1988
rnewman@hotmail.com,qrczak@me.com,10/14/1980
isotopian@yahoo.ca,osrin@live.com,9/3/2015
rogerspl@verizon.net,geekgrl@outlook.com,1/9/1985
grolschie@live.com,trieuvan@gmail.com,8/21/2006
forsberg@icloud.com,tmccarth@msn.com,1/20/2015
mwandel@me.com,saridder@me.com,2/10/1990
hyper@optonline.net,ullman@att.net,9/4/1985
seanq@sbcglobal.net,mgemmons@msn.com,8/25/2015
hamilton@gmail.com,hauma@optonline.net,4/11/1981
fviegas@yahoo.com,sabren@sbcglobal.net,7/6/1991
bhtower@hotmail.com,msherr@mac.com,10/14/1989
burns@yahoo.com,parksh@comcast.net,6/23/1985
guialbu@me.com,chinthaka@hotmail.com,8/1/2003
hedwig@att.net,aaribaud@me.com,1/9/1983
jugalator@verizon.net,bwcarty@yahoo.com,11/28/1983
msloan@aol.com,ganter@sbcglobal.net,3/6/1999
kimvette@att.net,plover@yahoo.ca,3/15/2008
lamprecht@yahoo.com,cameron@icloud.com,12/14/2000
chance@gmail.com,geekgrl@verizon.net,12/20/1988
sthomas@live.com,koudas@icloud.com,12/30/1986
catalog@att.net,gumpish@icloud.com,8/7/1980
jeteve@att.net,roesch@live.com,5/18/2010
neuffer@msn.com,adillon@live.com,12/15/1999
thrymm@sbcglobal.net,wagnerch@gmail.com,7/11/2015
khris@yahoo.com,mglee@yahoo.com,9/14/2014
stinson@att.net,dbindel@sbcglobal.net,8/12/1987
tbmaddux@hotmail.com,solomon@icloud.com,5/21/1997
rfisher@icloud.com,konst@yahoo.com,9/20/1996
lamprecht@icloud.com,ardagna@comcast.net,12/30/2012
crowemojo@att.net,arachne@live.com,2/10/2000
njpayne@gmail.com,jbailie@outlook.com,8/22/2006
ghaviv@verizon.net,adamk@comcast.net,9/20/2000
doche@verizon.net,raines@gmail.com,8/10/1991
pdbaby@sbcglobal.net,miturria@optonline.net,8/8/1994
howler@icloud.com,scotfl@hotmail.com,3/20/1984
carcus@live.com,telbij@verizon.net,5/29/2005
munjal@gmail.com,delpino@sbcglobal.net,1/9/2006
munge@msn.com,amimojo@verizon.net,9/13/2000
dsowsy@yahoo.ca,phish@optonline.net,5/19/2019
rande@live.com,kronvold@mac.com,12/7/1987
kmiller@aol.com,mrdvt@yahoo.com,4/24/2017
gravyface@msn.com,lpalmer@me.com,8/9/1992
tristan@yahoo.ca,durist@yahoo.ca,9/6/1995
philb@msn.com,nweaver@msn.com,7/10/1990
phizntrg@aol.com,sakusha@yahoo.ca,1/10/1999
seebs@att.net,shawnce@outlook.com,7/19/1998
frikazoyd@sbcglobal.net,jbearp@att.net,12/18/2009
eabrown@hotmail.com,cderoove@aol.com,12/6/2011
yangyan@yahoo.com,aibrahim@verizon.net,9/29/2006
william@hotmail.com,plover@sbcglobal.net,4/30/1995
tbeck@me.com,chrwin@yahoo.com,6/14/2015
tmaek@gmail.com,dprice@icloud.com,9/8/1983
payned@yahoo.ca,vganesh@yahoo.ca,5/29/1989
vertigo@yahoo.ca,clkao@icloud.com,3/10/2009
hikoza@yahoo.com,singh@gmail.com,5/15/2007
hahiss@sbcglobal.net,heine@sbcglobal.net,6/18/1998
eminence@comcast.net,stinson@verizon.net,5/1/2011
maratb@comcast.net,ournews@yahoo.ca,12/31/2010
dodong@msn.com,suresh@att.net,6/13/2020
willg@verizon.net,houle@msn.com,12/13/2010
empathy@icloud.com,treeves@mac.com,8/6/1995
lushe@yahoo.ca,demmel@icloud.com,5/2/1989
carroll@me.com,jtorkbob@live.com,11/12/1989
hedwig@aol.com,panolex@optonline.net,2/2/2000
johndo@comcast.net,fbriere@live.com,5/10/2004
sravani@gmail.com,gommix@live.com,6/30/2006
ghost@hotmail.com,singer@live.com,8/27/1987
camenisch@me.com,trygstad@hotmail.com,6/11/1981
heckerman@hotmail.com,duchamp@msn.com,6/6/2007
goresky@optonline.net,jyoliver@mac.com,9/8/2014
techie@verizon.net,amichalo@outlook.com,6/7/2005
jgwang@mac.com,kronvold@msn.com,11/10/1999
dmbkiwi@outlook.com,thrymm@me.com,1/1/2001
marcs@gmail.com,bmidd@gmail.com,1/8/1997
sarahs@hotmail.com,hermes@aol.com,11/7/1999
chaikin@optonline.net,gslondon@comcast.net,4/15/2020
lstein@sbcglobal.net,gravyface@yahoo.ca,9/13/2000
mpiotr@mac.com,carmena@me.com,12/28/2007
stefano@sbcglobal.net,kramulous@aol.com,9/23/2001
dgatwood@optonline.net,scato@mac.com,11/15/2002
biglou@outlook.com,juliano@gmail.com,3/21/2017
kronvold@outlook.com,wbarker@outlook.com,3/29/1990
kwilliams@yahoo.com,maneesh@optonline.net,5/15/2014
gemmell@optonline.net,mccurley@optonline.net,2/8/2002
bbirth@aol.com,fhirsch@outlook.com,12/4/1992
maikelnai@icloud.com,arebenti@att.net,11/4/1993
boein@yahoo.com,noahb@att.net,8/27/1997
pgottsch@aol.com,pavel@msn.com,4/7/1980
jamuir@icloud.com,aaribaud@live.com,9/1/1985
pfitza@live.com,miltchev@mac.com,8/4/1984
sopwith@outlook.com,podmaster@comcast.net,5/17/1985
atmarks@sbcglobal.net,bradl@mac.com,6/23/1986
bastian@sbcglobal.net,goldberg@msn.com,7/6/2014
crypt@mac.com,devphil@comcast.net,2/23/2002
notaprguy@verizon.net,sjmuir@me.com,6/15/2016
simone@yahoo.com,leocharre@optonline.net,11/30/1990
gravyface@verizon.net,fluffy@yahoo.com,6/30/1995
tamas@aol.com,bruck@icloud.com,5/3/2011
joglo@hotmail.com,burns@att.net,7/26/2001
lamky@outlook.com,dwsauder@msn.com,1/27/1995
salesgeek@sbcglobal.net,mfburgo@gmail.com,10/11/1994
iapetus@att.net,tsuruta@msn.com,1/18/2010
kempsonc@hotmail.com,nichoj@mac.com,1/17/1987
noticias@comcast.net,smpeters@me.com,12/6/1980
jbuchana@yahoo.ca,leakin@mac.com,3/28/1981
meinkej@att.net,hampton@me.com,8/10/2015
atmarks@me.com,mhanoh@yahoo.com,5/5/2004
wortmanj@mac.com,marin@optonline.net,9/22/2004
mfburgo@hotmail.com,barnett@yahoo.ca,12/5/2010
lipeng@icloud.com,mailarc@aol.com,9/6/1997
kjohnson@yahoo.ca,jeffcovey@gmail.com,11/9/2001
dkrishna@msn.com,sjava@yahoo.com,8/29/1991
juliano@att.net,sscorpio@icloud.com,7/4/2008
ournews@yahoo.ca,parkes@yahoo.com,4/13/1981
jsnover@att.net,munson@gmail.com,10/23/1995
attwood@yahoo.ca,iamcal@live.com,6/24/2013
privcan@yahoo.com,leocharre@mac.com,8/4/1984
arachne@comcast.net,gregh@hotmail.com,3/22/2011
crowl@msn.com,jhardin@comcast.net,3/31/1984
msherr@gmail.com,mkearl@aol.com,7/27/2005
cvrcek@msn.com,bigmauler@outlook.com,8/8/2012
bcevc@gmail.com,hahiss@gmail.com,6/17/2005
boein@verizon.net,jsmith@live.com,12/11/2016
tokuhirom@icloud.com,andale@verizon.net,12/20/1991
torgox@att.net,subir@aol.com,6/1/1996
munge@live.com,dwendlan@yahoo.ca,4/12/2011
lishoy@aol.com,ranasta@me.com,2/15/1983
sisyphus@icloud.com,andrewik@icloud.com,10/20/2019
grothoff@comcast.net,webinc@sbcglobal.net,10/16/1985
fluffy@hotmail.com,kenja@gmail.com,3/28/2019
konit@comcast.net,sartak@sbcglobal.net,3/31/2013
louise@yahoo.ca,chance@outlook.com,8/13/1985
mhanoh@live.com,knorr@live.com,5/25/1984
bader@me.com,kuparine@comcast.net,5/6/2008
seebs@optonline.net,wetter@sbcglobal.net,12/30/2003
doche@icloud.com,knorr@aol.com,8/6/1989
aukjan@msn.com,lahvak@comcast.net,11/26/1985
raines@aol.com,galbra@hotmail.com,6/16/2001
carroll@att.net,mcraigw@icloud.com,4/23/2020
mxiao@icloud.com,notaprguy@me.com,7/23/1980
dbrobins@sbcglobal.net,jtorkbob@sbcglobal.net,9/4/1987
tattooman@comcast.net,quinn@icloud.com,9/28/1982
british@msn.com,yumpy@icloud.com,6/26/1989
aprakash@icloud.com,mrdvt@comcast.net,5/20/1992
policies@sbcglobal.net,conteb@mac.com,10/21/2017
kostas@me.com,sopwith@outlook.com,7/3/1987
bdthomas@comcast.net,grdschl@optonline.net,2/19/1987
grdschl@sbcglobal.net,ubergeeb@yahoo.com,10/30/2004
jaffe@aol.com,gamma@outlook.com,11/7/2008
mglee@hotmail.com,dowdy@sbcglobal.net,10/30/1982
slanglois@att.net,empathy@att.net,5/11/1985
jugalator@outlook.com,amichalo@comcast.net,11/5/1999
milton@optonline.net,geeber@gmail.com,7/19/2003
jorgb@yahoo.ca,mcnihil@att.net,5/19/2018
manuals@aol.com,jonadab@icloud.com,6/16/1986
pedwards@sbcglobal.net,jeffcovey@verizon.net,2/7/2006
dleconte@gmail.com,jugalator@optonline.net,2/25/2002
qmacro@gmail.com,benits@comcast.net,5/11/1989
kwilliams@yahoo.com,drezet@optonline.net,8/15/2019
zeitlin@hotmail.com,bryam@aol.com,7/20/2018
chunzi@msn.com,mahbub@att.net,3/12/2012
harryh@yahoo.ca,rupak@yahoo.ca,7/16/2005
notaprguy@att.net,hillct@comcast.net,3/20/2000
pemungkah@mac.com,kassiesa@sbcglobal.net,6/29/1980
joehall@icloud.com,oracle@live.com,9/13/1987
jschauma@gmail.com,wildixon@hotmail.com,2/13/2020
jginspace@gmail.com,isorashi@att.net,2/11/2005
kevinm@hotmail.com,ilial@optonline.net,9/2/2013
itstatus@sbcglobal.net,granboul@hotmail.com,2/2/2006
schumer@me.com,stomv@live.com,10/30/1992
jkegl@sbcglobal.net,garyjb@outlook.com,10/9/1991
attwood@hotmail.com,tezbo@yahoo.com,3/14/2007
granboul@sbcglobal.net,stefano@gmail.com,5/12/1986
mjewell@outlook.com,studyabr@optonline.net,1/8/2011
hahiss@gmail.com,onestab@mac.com,8/3/2009
jginspace@outlook.com,magusnet@yahoo.ca,5/26/2017
gordonjcp@comcast.net,rbarreira@att.net,10/14/2012
rjones@yahoo.com,animats@msn.com,11/3/1982
carreras@verizon.net,kudra@icloud.com,8/13/1983
syrinx@gmail.com,notaprguy@yahoo.ca,11/13/1985
hachi@me.com,denton@icloud.com,3/30/1981
mhassel@verizon.net,martyloo@me.com,8/28/1996
clkao@mac.com,msroth@optonline.net,5/17/2020
lishoy@hotmail.com,dawnsong@gmail.com,6/12/2013
adillon@outlook.com,qmacro@hotmail.com,4/3/1991
skythe@msn.com,maratb@yahoo.com,2/9/2017
itstatus@me.com,sblack@outlook.com,1/22/1997
jnolan@outlook.com,pjacklam@aol.com,8/20/1985
pspoole@yahoo.com,wbarker@optonline.net,1/16/2014
overbom@optonline.net,afifi@gmail.com,3/20/1981
chaffar@hotmail.com,munson@yahoo.ca,9/22/1980
kmself@verizon.net,trygstad@verizon.net,5/3/1991
sriha@live.com,maikelnai@live.com,7/28/2001
morain@optonline.net,bolow@sbcglobal.net,7/5/2016
terjesa@gmail.com,eminence@gmail.com,2/7/1987
pspoole@optonline.net,sonnen@yahoo.com,4/17/2004
bmidd@msn.com,aegreene@gmail.com,6/23/2009
madler@yahoo.ca,skoch@me.com,11/29/2001
maratb@outlook.com,mrobshaw@gmail.com,7/21/1989
rgarcia@hotmail.com,nanop@optonline.net,11/11/2018
symbolic@aol.com,floxy@msn.com,4/12/2002
jonadab@msn.com,jcholewa@icloud.com,2/10/2003