﻿     ,    ,   
abc@gmail.com,vdg@optonline.net,12/12/94
abc@gmail.com,jkl@optonline.net,23/12/1994
abc@gmail.com,dbrobins@optonline.net,25/12/1994
skoch@aol.com,dbrobins@optonline.net,12/13/94
skoch@aol.com,dbrobins@optonline.net,12/14/94
skoch@aol.com,dbrobins@optonline.net,12/15/94
skoch@aol.com,dbrobins@optonline.net,12/16/94
skoch@aol.com,dbrobins@optonline.net,12/17/94
skoch@aol.com,dbrobins@optonline.net,12/18/94
skoch@aol.com,dbrobins@optonline.net,12/19/94
skoch@aol.com,dbrobins@optonline.net,12/20/94